{
    "101.0": "STREET",
    "128.0": "BUS STOP/LAYOVER (ALSO QUERY 124)",
    "502.0": "MULTI-UNIT DWELLING (APARTMENT, DUPLEX, ETC)",
    "405.0": "CLOTHING STORE",
    "102.0": "SIDEWALK",
    "501.0": "SINGLE FAMILY DWELLING",
    "248.0": "CELL PHONE STORE",
    "750.0": "CYBERSPACE",
    "751.0": "WEBSITE",
    "203.0": "OTHER BUSINESS",
    "108.0": "PARKING LOT",
    "504.0": "OTHER RESIDENCE",
    "605.0": "AUTOMATED TELLER MACHINE (ATM)",
    "404.0": "DEPARTMENT STORE",
    "221.0": "PUBLIC STORAGE",
    "707.0": "GARAGE/CARPORT",
    "209.0": "EQUIPMENT RENTAL",
    "702.0": "OFFICE BUILDING/OFFICE",
    "726.0": "POLICE FACILITY",
    "801.0": "MTA BUS",
    "729.0": "SPECIALTY SCHOOL/OTHER",
    "602.0": "BANK",
    "725.0": "GOVERNMENT FACILITY (FEDERAL,STATE, COUNTY & CITY)",
    "737.0": "SKATING RINK*",
    "124.0": "BUS STOP",
    "720.0": "JUNIOR HIGH SCHOOL",
    "116.0": "OTHER/OUTSIDE",
    "103.0": "ALLEY",
    "122.0": "VEHICLE, PASSENGER/TRUCK",
    "506.0": "ABANDONED BUILDING ABANDONED HOUSE",
    "212.0": "TRANSPORTATION FACILITY (AIRPORT)",
    "505.0": "MOTEL",
    "701.0": "HOSPITAL",
    "112.0": "BUS, SCHOOL, CHURCH",
    "710.0": "OTHER PREMISE",
    "120.0": "STORAGE SHED",
    "406.0": "OTHER STORE",
    "721.0": "HIGH SCHOOL",
    "145.0": "MAIL BOX",
    "503.0": "HOTEL",
    "735.0": "NIGHT CLUB (OPEN EVENINGS ONLY)",
    "604.0": "FINANCE COMPANY",
    "109.0": "PARK/PLAYGROUND",
    "717.0": "HEALTH SPA/GYM",
    "708.0": "CHURCH/CHAPEL (CHANGED 03-03 FROM CHURCH/TEMPLE)",
    "712.0": "COLISEUM",
    "104.0": "DRIVEWAY",
    "152.0": "UNDERPASS/BRIDGE*",
    "607.0": "BANKING INSIDE MARKET-STORE *",
    "238.0": "TELECOMMUNICATION FACILITY/LOCATION",
    "222.0": "LAUNDROMAT",
    "119.0": "PORCH, RESIDENTIAL",
    "507.0": "CONDOMINIUM/TOWNHOUSE",
    "514.0": "GROUP HOME",
    "125.0": "PAY PHONE",
    "220.0": "NAIL SALON",
    "154.0": "TRAIN TRACKS",
    "704.0": "ELEMENTARY SCHOOL",
    "740.0": "OTHER PLACE OF WORSHIP",
    "243.0": "DIY CENTER (LOWE'S,HOME DEPOT,OSH,CONTRACTORS WAREHOUSE)",
    "517.0": "MISSIONS/SHELTERS",
    "802.0": "MUNICIPAL BUS LINE INCLUDES LADOT/DASH",
    "732.0": "POST OFFICE",
    "943.0": "MTA - EXPO LINE - JEFFERSON/USC",
    "121.0": "YARD (RESIDENTIAL/BUSINESS)",
    "111.0": "BUS-CHARTER/PRIVATE",
    "804.0": "GREYHOUND OR INTERSTATE BUS",
    "207.0": "BAR/COCKTAIL/NIGHTCLUB",
    "518.0": "TRANSITIONAL HOUSING/HALFWAY HOUSE",
    "301.0": "GAS STATION",
    "127.0": "TRASH CAN/TRASH DUMPSTER",
    "403.0": "DRUG STORE",
    "210.0": "RESTAURANT/FAST FOOD",
    "733.0": "BAR/SPORTS BAR (OPEN DAY & NIGHT)",
    "510.0": "NURSING/CONVALESCENT/RETIREMENT HOME",
    "603.0": "CREDIT UNION",
    "208.0": "AUTO SALES LOT",
    "123.0": "PARKING UNDERGROUND/BUILDING",
    "135.0": "MTA PROPERTY OR PARKING LOT",
    "410.0": "MEMBERSHIP STORE (COSTCO,SAMS CLUB)*",
    "247.0": "CAR WASH",
    "217.0": "AUTO REPAIR SHOP",
    "719.0": "MEDICAL/DENTAL OFFICES",
    "412.0": "ELECTRONICS STORE (IE:RADIO SHACK, ETC.)",
    "834.0": "LA UNION STATION (NOT LINE SPECIFIC)",
    "401.0": "MINI-MART",
    "402.0": "MARKET",
    "727.0": "SHOPPING MALL (COMMON AREA)",
    "155.0": "DAM/RESERVOIR",
    "724.0": "TRADE SCHOOL (MEDICAL-TECHNICAL-BUSINESS)*",
    "906.0": "MTA - RED LINE - VERMONT/BEVERLY",
    "231.0": "DAY CARE/CHILDREN*",
    "235.0": "PHARMACY INSIDE STORE OR SUPERMARKET*",
    "242.0": "DISCOUNT STORE (99 CENT,DOLLAR,ETC.",
    "146.0": "PATIO*",
    "903.0": "MTA - RED LINE - 7TH AND METRO CENTER",
    "232.0": "DELIVERY SERVICE (FED EX, UPS, COURIERS,COURIER SERVICE)*",
    "253.0": "MORTUARY",
    "949.0": "MTA - EXPO LINE - EXPO/LA BREA",
    "706.0": "SEX ORIENTED/BOOK STORE/STRIP CLUB/GENTLEMAN'S CLUB",
    "868.0": "MTA - ORANGE LINE - NORTH HOLLYWOOD",
    "252.0": "COFFEE SHOP (STARBUCKS, COFFEE BEAN, PEET'S, ETC.)",
    "254.0": "STUDIO (FILM/PHOTOGRAPHIC/MUSIC)",
    "118.0": "CONSTRUCTION SITE",
    "218.0": "BEAUTY/BARBER SHOP",
    "156.0": "VALET",
    "202.0": "LIQUOR STORE",
    "511.0": "PROJECT/TENEMENT/PUBLIC HOUSING",
    "409.0": "BEAUTY SUPPLY STORE",
    "142.0": "DRIVE THRU*",
    "913.0": "MTA - RED LINE - NORTH HOLLYWOOD",
    "945.0": "MTA - EXPO LINE - EXPO/VERMONT",
    "214.0": "BUS DEPOT/TERMINAL, OTHER THAN MTA",
    "736.0": "SKATEBOARD FACILITY/SKATEBOARD PARK*",
    "713.0": "CONVENTION CENTER",
    "213.0": "WAREHOUSE",
    "753.0": "DETENTION/JAIL FACILITY",
    "249.0": "NURSERY/FLOWER SHOP",
    "921.0": "MTA - PURPLE LINE - WILSHIRE/NORMANDIE",
    "251.0": "RECYCLING CENTER",
    "138.0": "STAIRWELL*",
    "835.0": "7TH AND METRO CENTER (NOT LINE SPECIFIC)",
    "508.0": "FRAT HOUSE/SORORITY/DORMITORY",
    "114.0": "TAXI",
    "302.0": "FACTORY",
    "158.0": "TRANSIENT ENCAMPMENT",
    "904.0": "MTA - RED LINE - WESTLAKE/MACARTHUR PARK",
    "415.0": "THE GROVE",
    "516.0": "SINGLE RESIDENCE OCCUPANCY (SRO'S) LOCATIONS",
    "722.0": "COLLEGE/JUNIOR COLLEGE/UNIVERSITY",
    "755.0": "VETERINARIAN/ANIMAL HOSPITAL",
    "229.0": "CHECK CASHING*",
    "241.0": "ENERGY PLANT/FACILITY",
    "408.0": "AUTO SUPPLY STORE*",
    "117.0": "BEACH",
    "946.0": "MTA - EXPO LINE - EXPO/WESTERN",
    "106.0": "TUNNEL",
    "417.0": "THE BEVERLY CONNECTION",
    "709.0": "PUBLIC RESTROOM(INDOORS-INSIDE)",
    "201.0": "JEWELRY STORE",
    "515.0": "APARTMENT/CONDO COMMON LAUNDRY ROOM",
    "730.0": "SYNAGOGUE/TEMPLE",
    "966.0": "MTA - GOLD LINE - UNION STATION",
    "411.0": "PET STORE",
    "718.0": "MASSAGE PARLOR",
    "211.0": "PAWN SHOP",
    "728.0": "ELEVATOR",
    "703.0": "ENTERTAINMENT/COMEDY CLUB (OTHER)",
    "407.0": "HARDWARE/BUILDING SUPPLY",
    "219.0": "CLEANER/LAUNDROMAT",
    "741.0": "STAPLES CENTER *",
    "935.0": "MTA - BLUE LINE - WASHINGTON",
    "752.0": "FIRE STATION",
    "738.0": "LIBRARY",
    "413.0": "FURNITURE STORE"
}